{"last_download_success": 1586448021.5174174, "unseen_downloads": [], "last_download_failure": 1596290976.7464387}